,question_id,sql_gold_with,sql_pred_with,sql_pred_without,execution_accuracy_with,execution_accuracy_without,db_id,question,SQL
0,2,SELECT T2.Zip FROM frpm AS T1 INNER JOIN schools AS T2 ON T1.CDSCode = T2.CDSCode WHERE T1.`District Name` = 'Fresno County Office of Education' AND T1.`Charter School (Y/N)` = 1,"SELECT s.Zip
FROM schools s
JOIN frpm f ON s.CDSCode = f.CDSCode
WHERE s.County = 'Fresno' AND s.Charter = 1 AND f.`District Name` = 'Fresno County Office of Education';","SELECT Zip 
FROM schools 
WHERE County = 'Fresno' 
AND Charter = 1;",1,0,california_schools,Please list the zip code of all the charter schools in Fresno County Office of Education.,SELECT T2.Zip FROM frpm AS T1 INNER JOIN schools AS T2 ON T1.CDSCode = T2.CDSCode WHERE T1.`District Name` = 'Fresno County Office of Education' AND T1.`Charter School (Y/N)` = 1
1,6,SELECT T2.School FROM satscores AS T1 INNER JOIN schools AS T2 ON T1.cds = T2.CDSCode WHERE T2.Magnet = 1 AND T1.NumTstTakr > 500,"SELECT sc.School
FROM satscores ss
JOIN schools sc ON ss.cds = sc.CDSCode
WHERE ss.NumTstTakr > 500 AND sc.Magnet = 1;","SELECT s.*
FROM schools s
JOIN satscores sat ON s.CDSCode = sat.cds
WHERE sat.NumTstTakr > 500
AND s.Magnet = 1",1,0,california_schools,"Among the schools with the SAT test takers of over 500, please list the schools that are magnet schools or offer a magnet program.",SELECT T2.School FROM satscores AS T1 INNER JOIN schools AS T2 ON T1.cds = T2.CDSCode WHERE T2.Magnet = 1 AND T1.NumTstTakr > 500
2,13,SELECT T1.Phone FROM schools AS T1 INNER JOIN satscores AS T2 ON T1.CDSCode = T2.cds ORDER BY CAST(T2.NumGE1500 AS REAL) / T2.NumTstTakr DESC LIMIT 3,"SELECT Phone
FROM schools
WHERE CDSCode IN (
    SELECT cds
    FROM satscores
    ORDER BY NumGE1500 * 1.0 / NumTstTakr DESC
    LIMIT 3
);","SELECT Phone 
FROM schools 
WHERE CDSCode IN (
    SELECT cds 
    FROM satscores 
    ORDER BY NumGE1500 DESC 
    LIMIT 3
);",1,0,california_schools,Please list the phone numbers of the schools with the top 3 SAT excellence rate.,SELECT T1.Phone FROM schools AS T1 INNER JOIN satscores AS T2 ON T1.CDSCode = T2.cds ORDER BY CAST(T2.NumGE1500 AS REAL) / T2.NumTstTakr DESC LIMIT 3
3,14,SELECT T1.NCESSchool FROM schools AS T1 INNER JOIN frpm AS T2 ON T1.CDSCode = T2.CDSCode ORDER BY T2.`Enrollment (Ages 5-17)` DESC LIMIT 5,"SELECT NCESSchool
FROM frpm f
JOIN schools s ON f.CDSCode = s.CDSCode
ORDER BY f.`Enrollment (Ages 5-17)` DESC
LIMIT 5;","SELECT s.NCESSchool, f.`Enrollment (Ages 5-17)`
FROM schools s
JOIN frpm f ON s.CDSCode = f.CDSCode
ORDER BY f.`Enrollment (Ages 5-17)` DESC
LIMIT 5;",1,0,california_schools,"List the top five schools, by descending order, from the highest to the lowest, the most number of Enrollment (Ages 5-17). Please give their NCES school identification number.",SELECT T1.NCESSchool FROM schools AS T1 INNER JOIN frpm AS T2 ON T1.CDSCode = T2.CDSCode ORDER BY T2.`Enrollment (Ages 5-17)` DESC LIMIT 5
4,55,SELECT CAST(SUM(CASE WHEN County = 'Colusa' THEN 1 ELSE 0 END) AS REAL) / SUM(CASE WHEN County = 'Humboldt' THEN 1 ELSE 0 END) FROM schools WHERE MailState = 'CA',"SELECT
    (SUM(CASE WHEN County = 'Colusa' THEN 1 ELSE 0 END) * 1.0 / 
    NULLIF(SUM(CASE WHEN County = 'Humboldt' THEN 1 ELSE 0 END), 0)) AS ratio
FROM
    schools
WHERE
    MailState = 'CA';","SELECT
    (SELECT COUNT(*) FROM schools WHERE MailState = 'CA' AND County = 'Colusa') / 
    (SELECT COUNT(*) FROM schools WHERE MailState = 'CA' AND County = 'Humboldt') 
    AS Colusa_to_Humboldt_Ratio;",1,0,california_schools,"Of the schools with a mailing state address in California, what is the ratio of the schools located in the county of Colusa against the school located in the county of Humboldt?",SELECT CAST(SUM(CASE WHEN County = 'Colusa' THEN 1 ELSE 0 END) AS REAL) / SUM(CASE WHEN County = 'Humboldt' THEN 1 ELSE 0 END) FROM schools WHERE MailState = 'CA'
5,83,"SELECT T2.City, COUNT(T2.CDSCode) FROM frpm AS T1 INNER JOIN schools AS T2 ON T1.CDSCode = T2.CDSCode WHERE T2.Magnet = 1 AND T2.GSoffered = 'K-8' AND T1.`NSLP Provision Status` = 'Multiple Provision Types' GROUP BY T2.City","SELECT 
    s.City, 
    COUNT(s.CDSCode) AS Number_of_Schools
FROM 
    schools s
JOIN 
    frpm f ON s.CDSCode = f.CDSCode
WHERE 
    s.GSserved = 'K-8' 
    AND s.Magnet = 1
    AND f.`NSLP Provision Status` LIKE '%Multiple Provision Types%'
GROUP BY 
    s.City;","SELECT 
    school.City, 
    COUNT(school.CDSCode) AS num_schools 
FROM 
    schools AS school
    JOIN frpm ON school.CDSCode = frpm.CDSCode
WHERE 
    school.Magnet = 1
    AND frpm.`Low Grade` = 'K'
    AND frpm.`High Grade` = '8'
    AND EXISTS (
        SELECT 1 
        FROM (
            SELECT DISTINCT `NSLP Provision Status`, `Educational Option Type`
            FROM frpm
            WHERE `NSLP Provision Status` IS NOT NULL 
               OR `Educational Option Type` IS NOT NULL
        ) AS provision_types
        WHERE provision_types.CDSCode = school.CDSCode
    ) 
GROUP BY 
    school.City;",1,0,california_schools,"Of the schools that offers a magnet program serving a grade span of Kindergarten to 8th grade, how many offers Multiple Provision Types? List the number of cities that offers a Kindergarten to 8th grade span and indicate how many schools are there serving such grade span for each city.","SELECT T2.City, COUNT(T2.CDSCode) FROM frpm AS T1 INNER JOIN schools AS T2 ON T1.CDSCode = T2.CDSCode WHERE T2.Magnet = 1 AND T2.GSoffered = 'K-8' AND T1.`NSLP Provision Status` = 'Multiple Provision Types' GROUP BY T2.City"
6,90,SELECT COUNT(T1.account_id) FROM account AS T1 INNER JOIN loan AS T2 ON T1.account_id = T2.account_id INNER JOIN district AS T3 ON T1.district_id = T3.district_id WHERE T3.A3 = 'Prague',"SELECT COUNT(DISTINCT account.account_id)
FROM account
JOIN district ON account.district_id = district.district_id
JOIN disp ON account.account_id = disp.account_id
JOIN client ON disp.client_id = client.client_id
JOIN loan ON account.account_id = loan.account_id
WHERE district.A3 = 'Prague';","SELECT COUNT(*)
FROM account a
JOIN district d ON a.district_id = d.district_id
JOIN loan l ON a.account_id = l.account_id
WHERE d.A2 = 'Prague'",1,0,financial,How many accounts who have region in Prague are eligible for loans?,SELECT COUNT(T1.account_id) FROM account AS T1 INNER JOIN loan AS T2 ON T1.account_id = T2.account_id INNER JOIN district AS T3 ON T1.district_id = T3.district_id WHERE T3.A3 = 'Prague'
7,105,SELECT T1.district_id FROM account AS T1 INNER JOIN loan AS T2 ON T1.account_id = T2.account_id WHERE T2.date = '1994-08-25',"SELECT a.district_id
FROM loan l
JOIN account a ON l.account_id = a.account_id
WHERE l.date = '1994-08-25';","SELECT district_id 
FROM account 
WHERE account_id = (
    SELECT account_id 
    FROM loan 
    WHERE date = '1994-08-25' AND status = 'approved'
);",1,0,financial,"There was a loan approved in 1994/8/25, where was that account opened, give the district Id of the branch.",SELECT T1.district_id FROM account AS T1 INNER JOIN loan AS T2 ON T1.account_id = T2.account_id WHERE T2.date = '1994-08-25'
8,121,"SELECT T1.account_id, T1.date FROM account AS T1 INNER JOIN district AS T2 ON T1.district_id = T2.district_id WHERE T2.A2 = 'Prachatice'","SELECT a.account_id, a.date
FROM account a
JOIN district d ON a.district_id = d.district_id
WHERE d.A2 = 'Prachatice';","SELECT account.account_id, account.date 
FROM account
JOIN district ON account.district_id = district.district_id
WHERE district.A3 = 'Prachatice'",1,0,financial,List account ID and account opening date for accounts from 'Prachatice'.,"SELECT T1.account_id, T1.date FROM account AS T1 INNER JOIN district AS T2 ON T1.district_id = T2.district_id WHERE T2.A2 = 'Prachatice'"
9,122,"SELECT T2.A2, T2.A3 FROM account AS T1 INNER JOIN district AS T2 ON T1.district_id = T2.district_id INNER JOIN loan AS T3 ON T1.account_id = T3.account_id WHERE T3.loan_id = 4990","SELECT district.A2 AS district, district.A3 AS region
FROM loan
JOIN account ON loan.account_id = account.account_id
JOIN district ON account.district_id = district.district_id
WHERE loan.loan_id = 4990;","SELECT district.A3 AS region, district.A4 AS district
FROM loan
JOIN account ON loan.account_id = account.account_id
JOIN district ON account.district_id = district.district_id
WHERE loan.loan_id = 4990;",1,0,financial,State the district and region for loan ID '4990'.,"SELECT T2.A2, T2.A3 FROM account AS T1 INNER JOIN district AS T2 ON T1.district_id = T2.district_id INNER JOIN loan AS T3 ON T1.account_id = T3.account_id WHERE T3.loan_id = 4990"
10,123,"SELECT T1.account_id, T2.A2, T2.A3 FROM account AS T1 INNER JOIN district AS T2 ON T1.district_id = T2.district_id INNER JOIN loan AS T3 ON T1.account_id = T3.account_id WHERE T3.amount > 300000","SELECT loan.account_id, district.A2 AS district, district.A3 AS region
FROM loan
JOIN account ON loan.account_id = account.account_id
JOIN district ON account.district_id = district.district_id
WHERE loan.amount > 300000;","SELECT l.account_id, d.district_id, d.A3 AS region
FROM loan l
JOIN account a ON l.account_id = a.account_id
JOIN district d ON a.district_id = d.district_id
WHERE l.amount > 300000",1,0,financial,"Provide the account ID, district and region for loan amount greater than USD300,000.","SELECT T1.account_id, T2.A2, T2.A3 FROM account AS T1 INNER JOIN district AS T2 ON T1.district_id = T2.district_id INNER JOIN loan AS T3 ON T1.account_id = T3.account_id WHERE T3.amount > 300000"
11,124,"SELECT T3.loan_id, T2.A2, T2.A11 FROM account AS T1 INNER JOIN district AS T2 ON T1.district_id = T2.district_id INNER JOIN loan AS T3 ON T1.account_id = T3.account_id WHERE T3.duration = 60","SELECT loan.loan_id, district.A2 AS district_name, district.A11 AS average_salary
FROM loan
JOIN account ON loan.account_id = account.account_id
JOIN district ON account.district_id = district.district_id
WHERE loan.duration = 60;","SELECT l.loan_id, d.A2 AS district, d.A10 AS average_salary
FROM loan l
JOIN account a ON l.account_id = a.account_id
JOIN district d ON a.district_id = d.district_id
WHERE l.duration = 60",1,0,financial,"List the loan ID, district and average salary for loan with duration of 60 months.","SELECT T3.loan_id, T2.A2, T2.A11 FROM account AS T1 INNER JOIN district AS T2 ON T1.district_id = T2.district_id INNER JOIN loan AS T3 ON T1.account_id = T3.account_id WHERE T3.duration = 60"
12,128,"SELECT T2.A2, COUNT(T1.client_id) FROM client AS T1 INNER JOIN district AS T2 ON T1.district_id = T2.district_id WHERE T1.gender = 'F' GROUP BY T2.district_id, T2.A2 ORDER BY COUNT(T1.client_id) DESC LIMIT 10","SELECT d.A2 AS district_name, COUNT(*) AS female_account_holders
FROM client c
JOIN disp dp ON c.client_id = dp.client_id
JOIN account a ON dp.account_id = a.account_id
JOIN district d ON c.district_id = d.district_id
WHERE c.gender = 'F'
GROUP BY d.district_id, d.A2
ORDER BY female_account_holders DESC
LIMIT 10;","SELECT d.district_id, COUNT(c.client_id) AS female_client_count
FROM district d
JOIN client c ON d.district_id = c.district_id
JOIN disp di ON c.client_id = di.client_id
JOIN account a ON di.account_id = a.account_id
WHERE c.gender = 'F'
GROUP BY d.district_id
ORDER BY female_client_count DESC
LIMIT 10;",1,0,financial,"List the top ten districts, by descending order, from the highest to the lowest, the number of female account holders.","SELECT T2.A2, COUNT(T1.client_id) FROM client AS T1 INNER JOIN district AS T2 ON T1.district_id = T2.district_id WHERE T1.gender = 'F' GROUP BY T2.district_id, T2.A2 ORDER BY COUNT(T1.client_id) DESC LIMIT 10"
13,134,SELECT COUNT(T2.account_id) FROM district AS T1 INNER JOIN account AS T2 ON T1.district_id = T2.district_id GROUP BY T1.A16 ORDER BY T1.A16 DESC LIMIT 1,"SELECT COUNT(*)
FROM account
WHERE district_id = (
    SELECT district_id
    FROM district
    ORDER BY A16 DESC
    LIMIT 1
);","SELECT COUNT(a.account_id) 
FROM account a
JOIN district d ON a.district_id = d.district_id
WHERE d.A3 = (
    SELECT d2.A3 
    FROM district d2 
    WHERE d2.A4 = (
        SELECT d3.A4 
        FROM district d3 
        WHERE d3.A5 = '1996' 
        ORDER BY d3.A6 DESC 
        LIMIT 1)
)
AND a.date BETWEEN '1996-01-01' AND '1996-12-31';",1,0,financial,"In the branch where the largest number of crimes were committed in 1996, how many accounts were opened?",SELECT COUNT(T2.account_id) FROM district AS T1 INNER JOIN account AS T2 ON T1.district_id = T2.district_id GROUP BY T1.A16 ORDER BY T1.A16 DESC LIMIT 1
14,140,SELECT COUNT(T1.account_id) FROM account AS T1 INNER JOIN district AS T2 ON T1.district_id = T2.district_id WHERE T2.A2 = 'Pisek',"SELECT COUNT(*) 
FROM account 
JOIN district ON account.district_id = district.district_id 
WHERE district.A2 = 'Pisek';","SELECT COUNT(*) 
FROM account
JOIN district ON account.district_id = district.district_id
WHERE district.A3 = 'Pisek';",1,0,financial,"How many accounts are there in the district of ""Pisek""?",SELECT COUNT(T1.account_id) FROM account AS T1 INNER JOIN district AS T2 ON T1.district_id = T2.district_id WHERE T2.A2 = 'Pisek'
15,152,"SELECT AVG(T1.A15) FROM district AS T1 INNER JOIN account AS T2 ON T1.district_id = T2.district_id WHERE STRFTIME('%Y', T2.date) >= '1997' AND T1.A15 > 4000","SELECT AVG(d.A15) as average_crimes
FROM district d
JOIN account a ON d.district_id = a.district_id
WHERE d.A15 > 4000
AND a.date >= '1997-01-01';","SELECT AVG(d.A12) AS average_crimes
FROM district d
JOIN account a ON d.district_id = a.district_id
WHERE d.A12 > 4000
  AND EXTRACT(YEAR FROM a.date) >= 1997
  AND d.district_id IN (
    SELECT district_id
    FROM client
    WHERE district_id = d.district_id
  )
  AND EXTRACT(YEAR FROM a.date) = 1997;",1,0,financial,What is the average number of crimes committed in 1995 in regions where the number exceeds 4000 and the region has accounts that are opened starting from the year 1997?,"SELECT AVG(T1.A15) FROM district AS T1 INNER JOIN account AS T2 ON T1.district_id = T2.district_id WHERE STRFTIME('%Y', T2.date) >= '1997' AND T1.A15 > 4000"
16,154,SELECT COUNT(T1.client_id) FROM client AS T1 INNER JOIN district AS T2 ON T1.district_id = T2.district_id WHERE T1.gender = 'M' AND T2.A2 = 'Hl.m. Praha',"SELECT COUNT(*) 
FROM client 
JOIN district ON client.district_id = district.district_id 
WHERE client.gender = 'M' 
AND district.A2 = 'Hl.m. Praha';","SELECT COUNT(*)
FROM client
JOIN district ON client.district_id = district.district_id
WHERE client.gender = 'male' AND district.A2 = 'Hl.m. Praha'",1,0,financial,How many male clients in 'Hl.m. Praha' district?,SELECT COUNT(T1.client_id) FROM client AS T1 INNER JOIN district AS T2 ON T1.district_id = T2.district_id WHERE T1.gender = 'M' AND T2.A2 = 'Hl.m. Praha'
17,157,SELECT T1.A15 FROM district AS T1 INNER JOIN `account` AS T2 ON T1.district_id = T2.district_id WHERE T2.account_id = 532,"SELECT d.A15
FROM account a
JOIN district d ON a.district_id = d.district_id
WHERE a.account_id = 532;","SELECT d.A11
FROM account a
JOIN district d ON a.district_id = d.district_id
WHERE a.account_id = 532 AND YEAR(a.date) = 1995",1,0,financial,What is the number of committed crimes in 1995 in the district of the account with the id 532?,SELECT T1.A15 FROM district AS T1 INNER JOIN `account` AS T2 ON T1.district_id = T2.district_id WHERE T2.account_id = 532
18,166,SELECT COUNT(T2.account_id) FROM district AS T1 INNER JOIN account AS T2 ON T1.district_id = T2.district_id WHERE T1.A2 = 'Jesenik',"SELECT COUNT(*) 
FROM account 
JOIN district ON account.district_id = district.district_id 
WHERE district.A2 = 'Jesenik';","SELECT COUNT(*)
FROM account a
JOIN district d ON a.district_id = d.district_id
WHERE d.A3 = 'Jesenik';",1,0,financial,How many of the accounts are from Jesenik district?,SELECT COUNT(T2.account_id) FROM district AS T1 INNER JOIN account AS T2 ON T1.district_id = T2.district_id WHERE T1.A2 = 'Jesenik'
19,177,"SELECT T3.balance, T1.gender FROM client AS T1 INNER JOIN account AS T2 ON T1.district_id = T2.district_id INNER JOIN trans AS T3 ON T2.account_id = T3.account_id WHERE T1.client_id = 4 AND T3.trans_id = 851","SELECT t.balance, c.gender 
FROM trans t
JOIN disp d ON t.account_id = d.account_id
JOIN client c ON d.client_id = c.client_id
WHERE t.trans_id = 851 AND c.client_id = 4;","SELECT c.gender, t.balance 
FROM client c
JOIN disp d ON c.client_id = d.client_id
JOIN trans t ON d.account_id = t.account_id
WHERE c.client_id = 4 AND t.trans_id = 851;",1,0,financial,"What is the sum that client number 4's account has following transaction 851? Who owns this account, a man or a woman?","SELECT T3.balance, T1.gender FROM client AS T1 INNER JOIN account AS T2 ON T1.district_id = T2.district_id INNER JOIN trans AS T3 ON T2.account_id = T3.account_id WHERE T1.client_id = 4 AND T3.trans_id = 851"
20,183,"SELECT COUNT(account_id) FROM account AS T1 INNER JOIN district AS T2 ON T1.district_id = T2.district_id WHERE STRFTIME('%Y', T1.date) > '1996' AND T2.A2 = 'Beroun'","SELECT COUNT(*)
FROM account a
JOIN district d ON a.district_id = d.district_id
WHERE d.A2 = 'Beroun' AND a.date > '1996-12-31';","SELECT COUNT(*)
FROM account a
JOIN district d ON a.district_id = d.district_id
WHERE d.A3 = 'Beroun' AND a.date > '1996-12-31'",1,0,financial,How many accounts in Beroun were opened after 1996?,"SELECT COUNT(account_id) FROM account AS T1 INNER JOIN district AS T2 ON T1.district_id = T2.district_id WHERE STRFTIME('%Y', T1.date) > '1996' AND T2.A2 = 'Beroun'"
21,188,"SELECT T1.account_id FROM loan AS T1 INNER JOIN account AS T2 ON T1.account_id = T2.account_id WHERE T1.duration > 24 AND STRFTIME('%Y', T2.date) < '1997' ORDER BY T1.amount ASC LIMIT 1","SELECT l.account_id
FROM loan l
JOIN account a ON l.account_id = a.account_id
WHERE l.duration > 24 
AND a.date < '1997-01-01'
ORDER BY l.amount ASC
LIMIT 1;","SELECT account_id, MIN(amount) AS min_approved_amount
FROM loan
WHERE duration > 24
AND account_id IN (
    SELECT account_id
    FROM account
    WHERE date < '1997-01-01'
)
GROUP BY account_id
ORDER BY min_approved_amount
LIMIT 1;",1,0,financial,"Among the accounts who have loan validity more than 24 months, list out the accounts that have the lowest approved amount and have account opening date before 1997.","SELECT T1.account_id FROM loan AS T1 INNER JOIN account AS T2 ON T1.account_id = T2.account_id WHERE T1.duration > 24 AND STRFTIME('%Y', T2.date) < '1997' ORDER BY T1.amount ASC LIMIT 1"
22,213,SELECT T1.bond_type FROM bond AS T1 INNER JOIN connected AS T2 ON T1.bond_id = T2.bond_id WHERE T2.atom_id = 'TR004_8' AND T2.atom_id2 = 'TR004_20' OR T2.atom_id2 = 'TR004_8' AND T2.atom_id = 'TR004_20',"SELECT bond_type
FROM connected
JOIN bond ON connected.bond_id = bond.bond_id
WHERE connected.atom_id = 'TR004_8' AND connected.atom_id2 = 'TR004_20' OR connected.atom_id = 'TR004_20' AND connected.atom_id2 = 'TR004_8';","SELECT bond.bond_type 
FROM connected 
JOIN bond ON connected.bond_id = bond.bond_id 
WHERE connected.atom_id = 'TR004_8' AND connected.atom_id2 = 'TR004_20'",1,0,toxicology,What type of bond is there between the atoms TR004_8 and TR004_20?,SELECT T1.bond_type FROM bond AS T1 INNER JOIN connected AS T2 ON T1.bond_id = T2.bond_id WHERE T2.atom_id = 'TR004_8' AND T2.atom_id2 = 'TR004_20' OR T2.atom_id2 = 'TR004_8' AND T2.atom_id = 'TR004_20'
23,214,SELECT DISTINCT T2.label FROM atom AS T1 INNER JOIN molecule AS T2 ON T1.molecule_id = T2.molecule_id WHERE T1.element != 'sn',"SELECT DISTINCT label
FROM molecule
WHERE label NOT IN (
    SELECT DISTINCT m.label
    FROM molecule m
    JOIN atom a ON m.molecule_id = a.molecule_id
    WHERE a.element = 'tin'
);","SELECT label 
FROM molecule 
WHERE molecule_id NOT IN (
    SELECT molecule_id 
    FROM atom 
    WHERE element = 'tin'
)",1,0,toxicology,What type of label is not on molecules with atoms with tin?,SELECT DISTINCT T2.label FROM atom AS T1 INNER JOIN molecule AS T2 ON T1.molecule_id = T2.molecule_id WHERE T1.element != 'sn'
24,264,"SELECT molecule_id, T.label FROM molecule AS T WHERE T.molecule_id IN ('TR000', 'TR001', 'TR002')","SELECT molecule_id, label FROM molecule WHERE molecule_id IN ('TR000', 'TR001', 'TR002');","SELECT label 
FROM molecule 
WHERE molecule_id IN ('TR000', 'TR001', 'TR002');",1,0,toxicology,"What are the labels for TR000, TR001 and TR002?","SELECT molecule_id, T.label FROM molecule AS T WHERE T.molecule_id IN ('TR000', 'TR001', 'TR002')"
25,268,SELECT T2.element FROM connected AS T1 INNER JOIN atom AS T2 ON T1.atom_id = T2.atom_id WHERE T1.bond_id = 'TR001_10_11',"SELECT element 
FROM atom 
WHERE atom_id IN (
    SELECT atom_id 
    FROM connected 
    WHERE bond_id = 'TR001_10_11'
);","SELECT a.element
FROM connected c
JOIN atom a ON c.atom_id = a.atom_id OR c.atom_id2 = a.atom_id
WHERE c.bond_id = 'TR001_10_11';",1,0,toxicology,What are the elements for bond id TR001_10_11?,SELECT T2.element FROM connected AS T1 INNER JOIN atom AS T2 ON T1.atom_id = T2.atom_id WHERE T1.bond_id = 'TR001_10_11'
26,289,SELECT T.label FROM molecule AS T WHERE T.molecule_id = 'TR151',SELECT label FROM molecule WHERE molecule_id = 'TR151';,"SELECT 
    CASE 
        WHEN molecule.label = 'carcinogenic' 
        THEN 'Yes' 
        ELSE 'No' 
    END AS is_carcinogenic
FROM molecule
WHERE molecule.molecule_id = 'TR151';",1,0,toxicology,Is molecule TR151 carcinogenic?,SELECT T.label FROM molecule AS T WHERE T.molecule_id = 'TR151'
27,299,SELECT T.label FROM molecule AS T WHERE T.molecule_id = 'TR124',SELECT label FROM molecule WHERE molecule_id = 'TR124';,SELECT label = 'carcinogenic' FROM molecule WHERE molecule_id = 'TR124';,1,0,toxicology,Is molecule TR124 carcinogenic?,SELECT T.label FROM molecule AS T WHERE T.molecule_id = 'TR124'
28,323,SELECT label FROM molecule AS T WHERE T.molecule_id = 'TR000',SELECT label FROM molecule WHERE molecule_id = 'TR000';,"SELECT CASE WHEN label = 'carcinogenic' THEN 'Yes' ELSE 'No' END AS carcinogenic_status
FROM molecule
WHERE molecule_id = 'TR000';",1,0,toxicology,Is molecule TR000 is carcinogenic or not?,SELECT label FROM molecule AS T WHERE T.molecule_id = 'TR000'
29,370,SELECT COUNT(T1.id) FROM cards AS T1 INNER JOIN foreign_data AS T2 ON T1.uuid = T2.uuid WHERE T1.borderColor = 'borderless' AND T2.language = 'Russian',"SELECT COUNT(*)
FROM cards
JOIN foreign_data ON cards.uuid = foreign_data.uuid
WHERE cards.borderColor = 'borderless' AND foreign_data.language = 'Russian';","SELECT COUNT(*)
FROM cards
JOIN foreign_data ON cards.uuid = foreign_data.uuid
WHERE cards.frameEffects = 'borderless' AND foreign_data.language = 'Russian'",1,0,card_games,How many borderless cards are illustrated in Russian?,SELECT COUNT(T1.id) FROM cards AS T1 INNER JOIN foreign_data AS T2 ON T1.uuid = T2.uuid WHERE T1.borderColor = 'borderless' AND T2.language = 'Russian'
30,374,SELECT COUNT(id) FROM cards WHERE availability = 'mtgo' AND borderColor = 'black',"SELECT COUNT(*)
FROM cards
WHERE borderColor = 'black' AND availability = 'mtgo' AND isOnlineOnly = 1;","SELECT COUNT(*)
FROM cards
WHERE borderColor = 'black' AND isOnlineOnly = 1 AND mtgoId IS NOT NULL AND (hasFoil = 0 AND hasNonFoil = 0)",1,0,card_games,How many black border cards are only available on mtgo?,SELECT COUNT(id) FROM cards WHERE availability = 'mtgo' AND borderColor = 'black'
31,377,SELECT COUNT(id) FROM cards WHERE originalType = 'Summon - Angel' AND subtypes != 'Angel',"SELECT COUNT(*)
FROM cards
WHERE originalType = 'Summon - Angel'
  AND (subtypes IS NULL OR subtypes != 'Angel');","SELECT COUNT(*)
FROM cards
WHERE originalType = 'Summon - Angel' AND (subtypes IS NULL OR subtypes NOT LIKE '%Angel%')",1,0,card_games,"How many cards with original type of ""Summon - Angel"" have subtype other than ""Angel""?",SELECT COUNT(id) FROM cards WHERE originalType = 'Summon - Angel' AND subtypes != 'Angel'
32,401,SELECT SUM(CASE WHEN hAND = '+3' THEN 1.0 ELSE 0 END) / COUNT(id) * 100 FROM cards WHERE frameEffects = 'legendary',"SELECT
    (COUNT(*) * 100.0 / (SELECT COUNT(*) FROM cards WHERE frameEffects = 'legendary')) AS percentage
FROM
    cards
WHERE
    frameEffects = 'legendary'
    AND hand = '+3';","SELECT 
    (CAST(COUNT(*) AS FLOAT) / total.count) * 100 AS percentage
FROM 
    cards,
    (SELECT COUNT(*) AS count
     FROM cards 
     WHERE frameEffects LIKE '%legendary%') AS total
WHERE 
    frameEffects LIKE '%legendary%' AND
    hand = '+3';",1,0,card_games,"What percentage of legendary frame effect cards have a maximum starting maximun hand
size of +3?",SELECT SUM(CASE WHEN hAND = '+3' THEN 1.0 ELSE 0 END) / COUNT(id) * 100 FROM cards WHERE frameEffects = 'legendary'
33,451,SELECT SUM(CASE WHEN availability = 'paper' AND hAND LIKE '+%' AND hAND != '+0' THEN 1 ELSE 0 END) FROM cards,"SELECT COUNT(*) 
FROM cards 
WHERE availability LIKE '%paper%' AND hand LIKE '+%';","SELECT COUNT(*)
FROM cards
WHERE availability LIKE '%paper%' AND CAST(hand AS INTEGER) > 0;",1,0,card_games,How many cards available in paper have a positive starting maximum hand size?,SELECT SUM(CASE WHEN availability = 'paper' AND hAND LIKE '+%' AND hAND != '+0' THEN 1 ELSE 0 END) FROM cards
34,467,SELECT T1.baseSetSize FROM sets AS T1 INNER JOIN set_translations AS T2 ON T2.setCode = T1.code WHERE T2.translation = 'Hauptset Zehnte Edition',"SELECT s.baseSetSize
FROM sets s
JOIN set_translations st ON s.code = st.setCode
WHERE st.translation = ""Hauptset Zehnte Edition"";","SELECT COUNT(*) 
FROM cards 
WHERE setCode = (SELECT code FROM sets WHERE name = 'Hauptset Zehnte Edition')",1,0,card_games,"How many cards are there in the base set of ""Hauptset Zehnte Edition""?",SELECT T1.baseSetSize FROM sets AS T1 INNER JOIN set_translations AS T2 ON T2.setCode = T1.code WHERE T2.translation = 'Hauptset Zehnte Edition'
35,532,"SELECT DisplayName FROM users WHERE STRFTIME('%Y', CreationDate) = '2014'","SELECT DisplayName
FROM users
WHERE strftime('%Y', CreationDate) = '2014'","SELECT DisplayName 
FROM users 
WHERE YEAR(CreationDate) = 2014",1,0,codebase_community,Please list the display names of all the users whose accounts were created in the year 2014.,"SELECT DisplayName FROM users WHERE STRFTIME('%Y', CreationDate) = '2014'"
36,557,"SELECT CAST(SUM(IIF(T2.Age > 65, 1, 0)) AS REAL) * 100 / COUNT(T1.Id) FROM posts AS T1 INNER JOIN users AS T2 ON T1.OwnerUserId = T2.Id WHERE T1.Score > 20","SELECT (COUNT(DISTINCT p.Id) / t.total) * 100 AS percentage
FROM posts p
JOIN users u ON p.OwnerUserId = u.Id
JOIN (SELECT COUNT(*) AS total 
      FROM posts 
      WHERE Score > 20) t
WHERE p.Score > 20 AND u.Age > 60;","SELECT 
    (COUNT(CASE WHEN u.Age >= 60 THEN 1 END) * 100.0 / COUNT(p.Id)) AS PercentageOfPostsByElderUsers
FROM 
    posts p
JOIN 
    users u ON p.OwnerUserId = u.Id
WHERE 
    p.Score > 20;",1,0,codebase_community,"Among the posts with a score of over 20, what is the percentage of them being owned by an elder user?","SELECT CAST(SUM(IIF(T2.Age > 65, 1, 0)) AS REAL) * 100 / COUNT(T1.Id) FROM posts AS T1 INNER JOIN users AS T2 ON T1.OwnerUserId = T2.Id WHERE T1.Score > 20"
37,564,SELECT T2.Text FROM posts AS T1 INNER JOIN comments AS T2 ON T1.Id = T2.PostId WHERE T1.ParentId = 107829 AND T1.CommentCount = 1,"SELECT c.Text 
FROM comments c
JOIN posts p ON c.PostId = p.Id
WHERE p.ParentId = 107829
LIMIT 1;",SELECT Text FROM comments WHERE PostId = 107829 LIMIT 1;,1,0,codebase_community,Give the only one comment text of the post with parent id 107829.,SELECT T2.Text FROM posts AS T1 INNER JOIN comments AS T2 ON T1.Id = T2.PostId WHERE T1.ParentId = 107829 AND T1.CommentCount = 1
38,569,SELECT COUNT(T1.Id) FROM posts AS T1 INNER JOIN votes AS T2 ON T1.Id = T2.PostId WHERE T1.Title LIKE '%data visualization%',"SELECT COUNT(*) 
FROM posts 
JOIN votes ON posts.Id = votes.PostId 
WHERE posts.Title LIKE '%data visualization%'","SELECT COUNT(*) 
FROM votes 
WHERE PostId = (SELECT Id FROM posts WHERE Title LIKE '%data visualization%')",1,0,codebase_community,Give the number of votes for the post about data visualization.,SELECT COUNT(T1.Id) FROM posts AS T1 INNER JOIN votes AS T2 ON T1.Id = T2.PostId WHERE T1.Title LIKE '%data visualization%'
39,594,"SELECT T2.Id, T2.Reputation FROM comments AS T1 INNER JOIN users AS T2 ON T1.UserId = T2.Id WHERE T1.PostId = 1","SELECT p.OwnerUserId, u.Reputation
FROM posts p
JOIN users u ON p.OwnerUserId = u.Id
WHERE p.Id = 1;","SELECT u.DisplayName, u.Reputation
FROM users u
JOIN posts p ON u.Id = p.OwnerUserId
WHERE p.Id = 1;",1,0,codebase_community,Which user created post ID 1 and what is the reputation of this user?,"SELECT T2.Id, T2.Reputation FROM comments AS T1 INNER JOIN users AS T2 ON T1.UserId = T2.Id WHERE T1.PostId = 1"
40,604,"SELECT AVG(T1.UpVotes), AVG(T1.Age) FROM users AS T1 INNER JOIN ( SELECT OwnerUserId, COUNT(*) AS post_count FROM posts GROUP BY OwnerUserId HAVING post_count > 10) AS T2 ON T1.Id = T2.OwnerUserId","SELECT AVG(u.UpVotes) AS average_up_votes, AVG(u.Age) AS average_age
FROM users u
WHERE (SELECT COUNT(*) FROM posts p WHERE p.OwnerUserId = u.Id) > 10;","SELECT AVG(u.UpVotes) AS AverageUpVotes, AVG(u.Age) AS AverageUserAge
FROM users u
JOIN posts p ON u.Id = p.OwnerUserId
GROUP BY u.Id
HAVING COUNT(p.Id) > 10;",1,0,codebase_community,What is the average of the up votes and the average user age for users creating more than 10 posts?,"SELECT AVG(T1.UpVotes), AVG(T1.Age) FROM users AS T1 INNER JOIN ( SELECT OwnerUserId, COUNT(*) AS post_count FROM posts GROUP BY OwnerUserId HAVING post_count > 10) AS T2 ON T1.Id = T2.OwnerUserId"
41,629,"SELECT CAST(SUM(IIF(STRFTIME('%Y', CreationDate) = '2010', 1, 0)) AS REAL) / SUM(IIF(STRFTIME('%Y', CreationDate) = '2011', 1, 0)) FROM votes","SELECT CAST(SUM(CASE WHEN strftime('%Y', CreationDate) = '2010' THEN 1 ELSE 0 END) AS FLOAT) / 
       SUM(CASE WHEN strftime('%Y', CreationDate) = '2011' THEN 1 ELSE 0 END) AS VoteRatio
FROM votes;","SELECT 
    (SUM(CASE WHEN YEAR(CreationDate) = 2010 THEN 1 ELSE 0 END) * 1.0 / 
     SUM(CASE WHEN YEAR(CreationDate) = 2011 THEN 1 ELSE 0 END)) AS Vote_Ratio
FROM votes",1,0,codebase_community,Calculate the ratio of votes in 2010 and 2011.,"SELECT CAST(SUM(IIF(STRFTIME('%Y', CreationDate) = '2010', 1, 0)) AS REAL) / SUM(IIF(STRFTIME('%Y', CreationDate) = '2011', 1, 0)) FROM votes"
42,650,"SELECT T1.LastAccessDate, T1.Location FROM users AS T1 INNER JOIN badges AS T2 ON T1.Id = T2.UserId WHERE T2.Name = 'outliers'","SELECT u.LastAccessDate, u.Location
FROM users u
JOIN badges b ON u.Id = b.UserId
WHERE b.Name = 'outliers';","SELECT u.LastAccessDate, u.Location
FROM users u
JOIN badges b ON u.Id = b.UserId
WHERE b.Name = 'Outliers';",1,0,codebase_community,Describe the last accessed date and location of the users who received the outliers badge.,"SELECT T1.LastAccessDate, T1.Location FROM users AS T1 INNER JOIN badges AS T2 ON T1.Id = T2.UserId WHERE T2.Name = 'outliers'"
43,658,SELECT Title FROM posts ORDER BY ViewCount DESC LIMIT 5,"SELECT Title 
FROM posts 
ORDER BY ViewCount DESC 
LIMIT 5;","SELECT Title 
FROM posts 
ORDER BY Score DESC 
LIMIT 5;",1,0,codebase_community,What are the titles of the top 5 posts with the highest popularity?,SELECT Title FROM posts ORDER BY ViewCount DESC LIMIT 5
44,721,SELECT COUNT(T1.id) FROM superhero AS T1 INNER JOIN colour AS T2 ON T1.eye_colour_id = T2.id WHERE T2.colour = 'Blue',"SELECT COUNT(*) 
FROM superhero 
WHERE eye_colour_id = (SELECT id FROM colour WHERE colour = 'Blue');","SELECT COUNT(*) 
FROM superhero 
WHERE eye_colour_id = (SELECT id FROM colour WHERE colour = 'blue')",1,0,superhero,How many superheroes have blue eyes?,SELECT COUNT(T1.id) FROM superhero AS T1 INNER JOIN colour AS T2 ON T1.eye_colour_id = T2.id WHERE T2.colour = 'Blue'
45,723,SELECT COUNT(T1.id) FROM superhero AS T1 INNER JOIN hero_power AS T2 ON T1.id = T2.hero_id INNER JOIN superpower AS T3 ON T2.power_id = T3.id INNER JOIN colour AS T4 ON T1.eye_colour_id = T4.id WHERE T3.power_name = 'Agility' AND T4.colour = 'Blue',"SELECT COUNT(*) 
FROM superhero s
JOIN colour c ON s.eye_colour_id = c.id
JOIN hero_power hp ON s.id = hp.hero_id
JOIN superpower sp ON hp.power_id = sp.id
WHERE c.colour = 'Blue' AND sp.power_name = 'Agility';","SELECT COUNT(*) 
FROM superhero s
JOIN colour c ON s.eye_colour_id = c.id
JOIN hero_power hp ON s.id = hp.hero_id
JOIN superpower sp ON hp.power_id = sp.id
WHERE c.colour = 'blue' AND sp.power_name = 'Agility'",1,0,superhero,"Among the superheroes with blue eyes, how many of them have the super power of ""Agility""?",SELECT COUNT(T1.id) FROM superhero AS T1 INNER JOIN hero_power AS T2 ON T1.id = T2.hero_id INNER JOIN superpower AS T3 ON T2.power_id = T3.id INNER JOIN colour AS T4 ON T1.eye_colour_id = T4.id WHERE T3.power_name = 'Agility' AND T4.colour = 'Blue'
46,736,SELECT T1.superhero_name FROM superhero AS T1 INNER JOIN hero_attribute AS T2 ON T1.id = T2.hero_id INNER JOIN attribute AS T3 ON T2.attribute_id = T3.id WHERE T3.attribute_name = 'Intelligence' ORDER BY T2.attribute_value LIMIT 1,"SELECT superhero_name 
FROM superhero 
JOIN hero_attribute ON superhero.id = hero_attribute.hero_id 
JOIN attribute ON hero_attribute.attribute_id = attribute.id 
WHERE attribute.attribute_name = 'Intelligence' 
ORDER BY hero_attribute.attribute_value ASC 
LIMIT 1;","SELECT s.superhero_name
FROM superhero s
JOIN hero_attribute ha ON s.id = ha.hero_id
JOIN attribute a ON ha.attribute_id = a.id
WHERE a.attribute_name = 'intelligence'
ORDER BY ha.attribute_value ASC
LIMIT 1;",1,0,superhero,Who is the dumbest superhero?,SELECT T1.superhero_name FROM superhero AS T1 INNER JOIN hero_attribute AS T2 ON T1.id = T2.hero_id INNER JOIN attribute AS T3 ON T2.attribute_id = T3.id WHERE T3.attribute_name = 'Intelligence' ORDER BY T2.attribute_value LIMIT 1
47,756,SELECT COUNT(T1.id) FROM superhero AS T1 INNER JOIN alignment AS T2 ON T1.alignment_id = T2.id WHERE T2.alignment = 'Bad',"SELECT COUNT(*) 
FROM superhero 
WHERE alignment_id = (SELECT id FROM alignment WHERE alignment = 'Bad');","SELECT COUNT(*) 
FROM superhero 
WHERE alignment_id = (SELECT id FROM alignment WHERE alignment = 'bad')",1,0,superhero,How many bad superheroes are there?,SELECT COUNT(T1.id) FROM superhero AS T1 INNER JOIN alignment AS T2 ON T1.alignment_id = T2.id WHERE T2.alignment = 'Bad'
48,760,SELECT CAST(COUNT(CASE WHEN T2.publisher_name = 'Marvel Comics' THEN 1 ELSE NULL END) AS REAL) * 100 / COUNT(T1.id) FROM superhero AS T1 INNER JOIN publisher AS T2 ON T1.publisher_id = T2.id WHERE T1.height_cm BETWEEN 150 AND 180,"SELECT 
    (COUNT(*) * 100.0 / (SELECT COUNT(*) FROM superhero WHERE height_cm BETWEEN 150 AND 180)) AS percentage
FROM 
    superhero
INNER JOIN 
    publisher ON superhero.publisher_id = publisher.id
WHERE 
    publisher.publisher_name = 'Marvel Comics'
    AND superhero.height_cm BETWEEN 150 AND 180;","SELECT 
    ROUND(
        (COUNT(*) * 100.0 / (SELECT COUNT(*) FROM superhero WHERE height_cm BETWEEN 150 AND 180)), 2
    ) AS percentage
FROM 
    superhero
JOIN 
    publisher ON superhero.publisher_id = publisher.id
WHERE 
    publisher.publisher_name = 'Marvel Comics' 
    AND superhero.height_cm BETWEEN 150 AND 180;",1,0,superhero,"In superheroes with height between 150 to 180, what is the percentage of heroes published by Marvel Comics?",SELECT CAST(COUNT(CASE WHEN T2.publisher_name = 'Marvel Comics' THEN 1 ELSE NULL END) AS REAL) * 100 / COUNT(T1.id) FROM superhero AS T1 INNER JOIN publisher AS T2 ON T1.publisher_id = T2.id WHERE T1.height_cm BETWEEN 150 AND 180
49,765,SELECT COUNT(T1.hero_id) FROM hero_power AS T1 INNER JOIN superpower AS T2 ON T1.power_id = T2.id WHERE T2.power_name = 'Stealth',"SELECT COUNT(DISTINCT hero_id)
FROM hero_power
JOIN superpower ON hero_power.power_id = superpower.id
WHERE superpower.power_name = 'Stealth';","SELECT COUNT(*) 
FROM superhero s
JOIN hero_power hp ON s.id = hp.hero_id
JOIN superpower sp ON hp.power_id = sp.id
WHERE sp.power_name = 'stealth'",1,0,superhero,How many heroes have stealth power?,SELECT COUNT(T1.hero_id) FROM hero_power AS T1 INNER JOIN superpower AS T2 ON T1.power_id = T2.id WHERE T2.power_name = 'Stealth'
50,770,SELECT T2.colour FROM superhero AS T1 INNER JOIN colour AS T2 ON T1.eye_colour_id = T2.id WHERE T1.full_name = 'Abraham Sapien',"SELECT colour.colour 
FROM superhero 
JOIN colour ON superhero.eye_colour_id = colour.id 
WHERE superhero.full_name = 'Abraham Sapien';","SELECT c.colour
FROM superhero s
JOIN colour c ON s.eye_colour_id = c.id
WHERE s.superhero_name = 'Abraham Sapien';",1,0,superhero,What is the eyes colour of Abraham Sapien?,SELECT T2.colour FROM superhero AS T1 INNER JOIN colour AS T2 ON T1.eye_colour_id = T2.id WHERE T1.full_name = 'Abraham Sapien'
51,785,SELECT T1.superhero_name FROM superhero AS T1 INNER JOIN alignment AS T2 ON T1.alignment_id = T2.id WHERE T2.alignment = 'Neutral',"SELECT superhero_name
FROM superhero
JOIN alignment ON superhero.alignment_id = alignment.id
WHERE alignment.alignment = 'Neutral';","SELECT hero.superhero_name
FROM superhero AS hero
JOIN alignment AS align ON hero.alignment_id = align.id
WHERE align.alignment = 'neutral';",1,0,superhero,Describe the names of neutral alignment superheroes.,SELECT T1.superhero_name FROM superhero AS T1 INNER JOIN alignment AS T2 ON T1.alignment_id = T2.id WHERE T2.alignment = 'Neutral'
52,795,SELECT COUNT(T1.id) FROM superhero AS T1 INNER JOIN alignment AS T2 ON T1.alignment_id = T2.id WHERE T2.alignment = 'Neutral',"SELECT COUNT(*) 
FROM superhero 
JOIN alignment ON superhero.alignment_id = alignment.id 
WHERE alignment.alignment = 'Neutral';","SELECT COUNT(*) 
FROM superhero 
JOIN alignment ON superhero.alignment_id = alignment.id 
WHERE alignment.alignment = 'neutral'",1,0,superhero,How many superheroes have a neutral alignment?,SELECT COUNT(T1.id) FROM superhero AS T1 INNER JOIN alignment AS T2 ON T1.alignment_id = T2.id WHERE T2.alignment = 'Neutral'
53,797,SELECT T1.superhero_name FROM superhero AS T1 INNER JOIN colour AS T2 ON T1.eye_colour_id = T2.id INNER JOIN colour AS T3 ON T1.hair_colour_id = T3.id WHERE T2.colour = 'Blue' AND T3.colour = 'Brown',"SELECT su.superhero_name
FROM superhero su
JOIN colour ec ON su.eye_colour_id = ec.id
JOIN colour hc ON su.hair_colour_id = hc.id
WHERE ec.colour = 'Blue' AND hc.colour = 'Brown';","SELECT superhero_name 
FROM superhero 
WHERE eye_colour_id = (SELECT id FROM colour WHERE colour = 'blue') 
AND hair_colour_id = (SELECT id FROM colour WHERE colour = 'brown');",1,0,superhero,Which superheroes have blue eyes with brown hair?,SELECT T1.superhero_name FROM superhero AS T1 INNER JOIN colour AS T2 ON T1.eye_colour_id = T2.id INNER JOIN colour AS T3 ON T1.hair_colour_id = T3.id WHERE T2.colour = 'Blue' AND T3.colour = 'Brown'
54,813,SELECT AVG(T1.attribute_value) FROM hero_attribute AS T1 INNER JOIN superhero AS T2 ON T1.hero_id = T2.id INNER JOIN alignment AS T3 ON T2.alignment_id = T3.id WHERE T3.alignment = 'Neutral',"SELECT AVG(ha.attribute_value)
FROM hero_attribute ha
JOIN superhero s ON ha.hero_id = s.id
JOIN alignment a ON s.alignment_id = a.id
WHERE a.alignment = 'Neutral';","SELECT AVG(hero_attribute.attribute_value)
FROM hero_attribute
JOIN superhero ON hero_attribute.hero_id = superhero.id
JOIN alignment ON superhero.alignment_id = alignment.id
WHERE alignment.alignment = 'neutral';",1,0,superhero,Calculate the average attribute value of all neutral superheroes.,SELECT AVG(T1.attribute_value) FROM hero_attribute AS T1 INNER JOIN superhero AS T2 ON T1.hero_id = T2.id INNER JOIN alignment AS T3 ON T2.alignment_id = T3.id WHERE T3.alignment = 'Neutral'
55,814,SELECT DISTINCT T2.colour FROM superhero AS T1 INNER JOIN colour AS T2 ON T1.skin_colour_id = T2.id INNER JOIN hero_attribute AS T3 ON T1.id = T3.hero_id WHERE T3.attribute_value = 100,"SELECT DISTINCT colour.colour
FROM hero_attribute
JOIN superhero ON hero_attribute.hero_id = superhero.id
JOIN colour ON superhero.skin_colour_id = colour.id
WHERE hero_attribute.attribute_value = 100;","SELECT colour.colour 
FROM superhero 
JOIN colour ON superhero.skin_colour_id = colour.id 
JOIN hero_attribute ON superhero.id = hero_attribute.hero_id 
WHERE hero_attribute.attribute_value = 100;",1,0,superhero,List the skin colour of the superheroes with 100 attribute value.,SELECT DISTINCT T2.colour FROM superhero AS T1 INNER JOIN colour AS T2 ON T1.skin_colour_id = T2.id INNER JOIN hero_attribute AS T3 ON T1.id = T3.hero_id WHERE T3.attribute_value = 100
56,817,SELECT T3.race FROM superhero AS T1 INNER JOIN colour AS T2 ON T1.hair_colour_id = T2.id INNER JOIN race AS T3 ON T1.race_id = T3.id INNER JOIN gender AS T4 ON T1.gender_id = T4.id WHERE T2.colour = 'Blue' AND T4.gender = 'Male',"SELECT race.race
FROM superhero
JOIN race ON superhero.race_id = race.id
JOIN colour hair_colour ON superhero.hair_colour_id = hair_colour.id
JOIN gender ON superhero.gender_id = gender.id
WHERE gender.gender = 'Male' AND hair_colour.colour = 'Blue';","SELECT race.race 
FROM superhero
JOIN gender ON superhero.gender_id = gender.id
JOIN colour hair ON superhero.hair_colour_id = hair.id
JOIN race ON superhero.race_id = race.id
WHERE gender.gender = 'male' AND hair.colour = 'blue';",1,0,superhero,Give the race of the blue-haired male superhero.,SELECT T3.race FROM superhero AS T1 INNER JOIN colour AS T2 ON T1.hair_colour_id = T2.id INNER JOIN race AS T3 ON T1.race_id = T3.id INNER JOIN gender AS T4 ON T1.gender_id = T4.id WHERE T2.colour = 'Blue' AND T4.gender = 'Male'
57,818,SELECT CAST(COUNT(CASE WHEN T3.gender = 'Female' THEN T1.id ELSE NULL END) AS REAL) * 100 / COUNT(T1.id) FROM superhero AS T1 INNER JOIN alignment AS T2 ON T1.alignment_id = T2.id INNER JOIN gender AS T3 ON T1.gender_id = T3.id WHERE T2.alignment = 'Bad',"SELECT
    (COUNT(s.id) * 100.0 / (SELECT COUNT(*) FROM superhero s2 WHERE s2.alignment_id = (SELECT id FROM alignment WHERE alignment = 'Bad'))) AS female_percentage
FROM
    superhero s
JOIN
    gender g ON s.gender_id = g.id
WHERE
    s.alignment_id = (SELECT id FROM alignment WHERE alignment = 'Bad')
    AND g.gender = 'Female';","SELECT 
    (COUNT(CASE WHEN s.gender_id = g.id AND g.gender = 'Female' THEN 1 END) * 100.0 / COUNT(*)) AS percentage_of_female_superheroes
FROM 
    superhero s
    JOIN alignment a ON s.alignment_id = a.id
    JOIN gender g ON s.gender_id = g.id
WHERE 
    a.alignment = 'bad';",1,0,superhero,"Among the bad superheroes, what is the percentage of female superheroes?",SELECT CAST(COUNT(CASE WHEN T3.gender = 'Female' THEN T1.id ELSE NULL END) AS REAL) * 100 / COUNT(T1.id) FROM superhero AS T1 INNER JOIN alignment AS T2 ON T1.alignment_id = T2.id INNER JOIN gender AS T3 ON T1.gender_id = T3.id WHERE T2.alignment = 'Bad'
58,820,SELECT T2.attribute_value FROM superhero AS T1 INNER JOIN hero_attribute AS T2 ON T1.id = T2.hero_id INNER JOIN attribute AS T3 ON T2.attribute_id = T3.id WHERE T1.superhero_name = 'Hulk' AND T3.attribute_name = 'Strength',"SELECT ha.attribute_value
FROM hero_attribute ha
JOIN superhero s ON ha.hero_id = s.id
JOIN attribute a ON ha.attribute_id = a.id
WHERE s.superhero_name = 'Hulk' AND a.attribute_name = 'Strength';","SELECT ha.attribute_value
FROM superhero s
JOIN hero_attribute ha ON s.id = ha.hero_id
JOIN attribute a ON ha.attribute_id = a.id
WHERE s.superhero_name = 'Hulk'
AND a.attribute_name = 'strength';",1,0,superhero,How strong is the Hulk?,SELECT T2.attribute_value FROM superhero AS T1 INNER JOIN hero_attribute AS T2 ON T1.id = T2.hero_id INNER JOIN attribute AS T3 ON T2.attribute_id = T3.id WHERE T1.superhero_name = 'Hulk' AND T3.attribute_name = 'Strength'
59,822,SELECT COUNT(T1.id) FROM superhero AS T1 INNER JOIN alignment AS T2 ON T1.alignment_id = T2.id INNER JOIN colour AS T3 ON T1.skin_colour_id = T3.id WHERE T2.alignment = 'Bad' AND T3.colour = 'Green',"SELECT COUNT(*)
FROM superhero
JOIN alignment ON superhero.alignment_id = alignment.id
JOIN colour ON superhero.skin_colour_id = colour.id
WHERE colour.colour = 'Green' AND alignment.alignment = 'Bad';","SELECT COUNT(*)
FROM superhero
JOIN colour ON superhero.skin_colour_id = colour.id
JOIN alignment ON superhero.alignment_id = alignment.id
WHERE colour.colour = 'green' AND alignment.alignment = 'villain';",1,0,superhero,How many green-skinned villains are there in the superhero universe?,SELECT COUNT(T1.id) FROM superhero AS T1 INNER JOIN alignment AS T2 ON T1.alignment_id = T2.id INNER JOIN colour AS T3 ON T1.skin_colour_id = T3.id WHERE T2.alignment = 'Bad' AND T3.colour = 'Green'
60,828,SELECT COUNT(T3.superhero_name) FROM hero_attribute AS T1 INNER JOIN attribute AS T2 ON T1.attribute_id = T2.id INNER JOIN superhero AS T3 ON T1.hero_id = T3.id WHERE T2.attribute_name = 'Speed' ORDER BY T1.attribute_value DESC LIMIT 1,"SELECT COUNT(*) 
FROM hero_attribute AS ha
JOIN attribute AS a ON ha.attribute_id = a.id
WHERE a.attribute_name = 'Speed'
ORDER BY ha.attribute_value DESC
LIMIT 1;","SELECT COUNT(*)
FROM hero_attribute
JOIN attribute ON hero_attribute.attribute_id = attribute.id
WHERE attribute.attribute_name = 'speed'
ORDER BY hero_attribute.attribute_value DESC
LIMIT 1;",1,0,superhero,Count the fastest superheroes.,SELECT COUNT(T3.superhero_name) FROM hero_attribute AS T1 INNER JOIN attribute AS T2 ON T1.attribute_id = T2.id INNER JOIN superhero AS T3 ON T1.hero_id = T3.id WHERE T2.attribute_name = 'Speed' ORDER BY T1.attribute_value DESC LIMIT 1
61,830,SELECT T3.attribute_name FROM superhero AS T1 INNER JOIN hero_attribute AS T2 ON T1.id = T2.hero_id INNER JOIN attribute AS T3 ON T2.attribute_id = T3.id WHERE T1.superhero_name = 'Black Panther' ORDER BY T2.attribute_value ASC LIMIT 1,"SELECT a.attribute_name
FROM superhero AS s
JOIN hero_attribute AS ha ON s.id = ha.hero_id
JOIN attribute AS a ON ha.attribute_id = a.id
WHERE s.superhero_name = 'Black Panther'
ORDER BY ha.attribute_value ASC
LIMIT 1;","SELECT a.attribute_name, ha.attribute_value
FROM superhero s
JOIN hero_attribute ha ON s.id = ha.hero_id
JOIN attribute a ON ha.attribute_id = a.id
WHERE s.superhero_name = 'Black Panther'
ORDER BY ha.attribute_value ASC
LIMIT 1;",1,0,superhero,Identify the weakest attribute of the Black Panther.,SELECT T3.attribute_name FROM superhero AS T1 INNER JOIN hero_attribute AS T2 ON T1.id = T2.hero_id INNER JOIN attribute AS T3 ON T2.attribute_id = T3.id WHERE T1.superhero_name = 'Black Panther' ORDER BY T2.attribute_value ASC LIMIT 1
62,835,SELECT CAST(COUNT(CASE WHEN T3.alignment = 'Good' THEN T1.id ELSE NULL END) AS REAL) * 100 / COUNT(T1.id) FROM superhero AS T1 INNER JOIN publisher AS T2 ON T1.publisher_id = T2.id INNER JOIN alignment AS T3 ON T1.alignment_id = T3.id WHERE T2.publisher_name = 'Marvel Comics',"SELECT 
    (COUNT(CASE WHEN a.alignment = 'Good' THEN 1 END) * 100.0 / COUNT(*)) AS good_superheroes_percentage
FROM 
    superhero s
JOIN 
    alignment a ON s.alignment_id = a.id
JOIN 
    publisher p ON s.publisher_id = p.id
WHERE 
    p.publisher_name = 'Marvel Comics';","SELECT 
    (COUNT(*) * 100.0 / (SELECT COUNT(*) FROM superhero WHERE publisher_id = (SELECT id FROM publisher WHERE publisher_name = 'Marvel Comics'))) AS good_superheroes_percentage
FROM 
    superhero
WHERE 
    alignment_id = (SELECT id FROM alignment WHERE alignment = 'good') 
    AND publisher_id = (SELECT id FROM publisher WHERE publisher_name = 'Marvel Comics')",1,0,superhero,"Among all superheroes in Marvel Comics, identify the percentage of 'good' superheroes.",SELECT CAST(COUNT(CASE WHEN T3.alignment = 'Good' THEN T1.id ELSE NULL END) AS REAL) * 100 / COUNT(T1.id) FROM superhero AS T1 INNER JOIN publisher AS T2 ON T1.publisher_id = T2.id INNER JOIN alignment AS T3 ON T1.alignment_id = T3.id WHERE T2.publisher_name = 'Marvel Comics'
63,836,SELECT COUNT(id) FROM superhero WHERE full_name LIKE 'John%',"SELECT COUNT(*) 
FROM superhero 
WHERE full_name LIKE 'John%'","SELECT COUNT(*) 
FROM superhero 
WHERE full_name LIKE 'John %'",1,0,superhero,What is the total number of superheroes that have John as their first name?,SELECT COUNT(id) FROM superhero WHERE full_name LIKE 'John%'
64,839,SELECT T1.full_name FROM superhero AS T1 INNER JOIN colour AS T2 ON T1.eye_colour_id = T2.id WHERE T1.weight_kg < 100 AND T2.colour = 'Brown',"SELECT s.full_name
FROM superhero s
JOIN colour c ON s.eye_colour_id = c.id
WHERE s.weight_kg < 100 AND c.colour = 'Brown';","SELECT s.full_name
FROM superhero s
JOIN colour c ON s.eye_colour_id = c.id
WHERE s.weight_kg < 100 AND c.colour = 'brown'",1,0,superhero,"In superheroes with weight less than 100, list the full name of the superheroes with brown eyes.",SELECT T1.full_name FROM superhero AS T1 INNER JOIN colour AS T2 ON T1.eye_colour_id = T2.id WHERE T1.weight_kg < 100 AND T2.colour = 'Brown'
65,842,SELECT AVG(T1.height_cm) FROM superhero AS T1 INNER JOIN alignment AS T2 ON T1.alignment_id = T2.id WHERE T2.alignment = 'Neutral',"SELECT AVG(height_cm) AS average_height
FROM superhero
JOIN alignment ON superhero.alignment_id = alignment.id
WHERE alignment.alignment = 'Neutral';","SELECT AVG(height_cm)
FROM superhero
JOIN alignment ON superhero.alignment_id = alignment.id
WHERE alignment.alignment = 'neutral';",1,0,superhero,Calculate the average height of all neutral superheroes.,SELECT AVG(T1.height_cm) FROM superhero AS T1 INNER JOIN alignment AS T2 ON T1.alignment_id = T2.id WHERE T2.alignment = 'Neutral'
66,858,SELECT T2.nationality FROM constructorResults AS T1 INNER JOIN constructors AS T2 ON T2.constructorId = T1.constructorId WHERE T1.raceId = 24 AND T1.points = 1,"SELECT nationality
FROM constructors c
JOIN results r ON c.constructorId = r.constructorId
WHERE r.points = 1 AND r.raceId = 24;","SELECT c.country
FROM constructors c
JOIN constructorResults cr ON cr.constructorId = c.constructorId
WHERE cr.raceId = 24 AND cr.points = 1",1,0,formula_1,Which country is the constructor which got 1 point in the race No. 24 from?,SELECT T2.nationality FROM constructorResults AS T1 INNER JOIN constructors AS T2 ON T2.constructorId = T1.constructorId WHERE T1.raceId = 24 AND T1.points = 1
67,863,SELECT T2.url FROM races AS T1 INNER JOIN seasons AS T2 ON T2.year = T1.year WHERE T1.raceId = 901,"SELECT seasons.url
FROM races
JOIN seasons ON races.year = seasons.year
WHERE races.raceId = 901;","SELECT s.year, s.url
FROM races r
JOIN seasons s ON r.year = s.year
WHERE r.raceId = 901",1,0,formula_1,Show me the season page of year when the race No. 901 took place.,SELECT T2.url FROM races AS T1 INNER JOIN seasons AS T2 ON T2.year = T1.year WHERE T1.raceId = 901
68,874,"SELECT T3.forename, T3.surname FROM races AS T1 INNER JOIN results AS T2 ON T2.raceId = T1.raceId INNER JOIN drivers AS T3 ON T3.driverId = T2.driverId WHERE T1.year = 2006 AND T1.name = 'San Marino Grand Prix' AND T2.position = 2","SELECT d.forename, d.surname
FROM results r
JOIN races ra ON r.raceId = ra.raceId
JOIN drivers d ON r.driverId = d.driverId
WHERE ra.name = 'San Marino Grand Prix' AND ra.year = 2006 AND r.position = 2;","SELECT d.forename, d.surname, r.position
FROM results r
JOIN drivers d ON r.driverId = d.driverId
JOIN races ra ON r.raceId = ra.raceId
WHERE ra.name = 'San Marino Grand Prix' AND ra.year = 2006 AND r.position = 2",1,0,formula_1,Who finished second in the San Marino Grand Prix in 2006?,"SELECT T3.forename, T3.surname FROM races AS T1 INNER JOIN results AS T2 ON T2.raceId = T1.raceId INNER JOIN drivers AS T3 ON T3.driverId = T2.driverId WHERE T1.year = 2006 AND T1.name = 'San Marino Grand Prix' AND T2.position = 2"
69,878,"SELECT T2.forename, T2.surname FROM lapTimes AS T1 INNER JOIN drivers AS T2 ON T2.driverId = T1.driverId WHERE T1.raceId = 348 ORDER BY T1.time ASC LIMIT 1","SELECT d.forename, d.surname 
FROM lapTimes lt
JOIN drivers d ON lt.driverId = d.driverId
WHERE lt.raceId = 348
ORDER BY lt.milliseconds ASC
LIMIT 1;","SELECT d.forename || ' ' || d.surname AS full_name
FROM lapTimes lt
JOIN drivers d ON lt.driverId = d.driverId
WHERE lt.raceId = 348
ORDER BY lt.milliseconds
LIMIT 1;",1,0,formula_1,Who was the driver that got the best lap time in the race No. 348? Give his full name.,"SELECT T2.forename, T2.surname FROM lapTimes AS T1 INNER JOIN drivers AS T2 ON T2.driverId = T1.driverId WHERE T1.raceId = 348 ORDER BY T1.time ASC LIMIT 1"
70,892,"SELECT T3.forename, T3.surname, T2.points FROM races AS T1 INNER JOIN driverStandings AS T2 ON T2.raceId = T1.raceId INNER JOIN drivers AS T3 ON T3.driverId = T2.driverId ORDER BY T2.points DESC LIMIT 1","SELECT d.forename, d.surname, ds.points
FROM drivers d
JOIN driverStandings ds ON d.driverId = ds.driverId
ORDER BY ds.points DESC
LIMIT 1;","SELECT forename, surname, total_points
FROM drivers
JOIN (
    SELECT driverId, SUM(points) AS total_points
    FROM driverStandings
    GROUP BY driverId
    ORDER BY total_points DESC
    LIMIT 1
) AS max_points ON drivers.driverId = max_points.driverId",1,0,formula_1,State the driver with the most points scored. Find his full name with that points.,"SELECT T3.forename, T3.surname, T2.points FROM races AS T1 INNER JOIN driverStandings AS T2 ON T2.raceId = T1.raceId INNER JOIN drivers AS T3 ON T3.driverId = T2.driverId ORDER BY T2.points DESC LIMIT 1"
71,899,"SELECT DISTINCT T1.name FROM circuits AS T1 INNER JOIN races AS T2 ON T2.circuitID = T1.circuitId WHERE STRFTIME('%Y', T2.date) BETWEEN '1990' AND '2000' GROUP BY T1.name HAVING COUNT(T2.raceId) = 4","SELECT circuits.name
FROM circuits
JOIN races ON circuits.circuitId = races.circuitId
WHERE races.year BETWEEN 1990 AND 2000
GROUP BY circuits.name
HAVING COUNT(races.raceId) = 4;","SELECT circuits.name, COUNT(*) as race_count
FROM circuits
JOIN races ON circuits.circuitId = races.circuitId
WHERE races.year BETWEEN 1990 AND 2000
GROUP BY circuits.circuitId
HAVING race_count = 4;",1,0,formula_1,List circuits which host 4 f1 races from year 1990 to 2000.,"SELECT DISTINCT T1.name FROM circuits AS T1 INNER JOIN races AS T2 ON T2.circuitID = T1.circuitId WHERE STRFTIME('%Y', T2.date) BETWEEN '1990' AND '2000' GROUP BY T1.name HAVING COUNT(T2.raceId) = 4"
72,909,SELECT CAST(COUNT(CASE WHEN T1.country = 'Germany' THEN T2.circuitID END) AS REAL) * 100 / COUNT(T2.circuitId) FROM circuits AS T1 INNER JOIN races AS T2 ON T2.circuitID = T1.circuitId WHERE T2.name = 'European Grand Prix',"SELECT
    (COUNT(*) * 100.0 / (SELECT COUNT(*) FROM races WHERE name LIKE '%European Grand Prix%')) AS percentage
FROM
    races
JOIN
    circuits ON races.circuitId = circuits.circuitId
WHERE
    races.name LIKE '%European Grand Prix%'
    AND circuits.country = 'Germany';","SELECT 
    (COUNT(*) * 100.0 / (SELECT COUNT(*) FROM races r
        JOIN circuits c ON r.circuitId = c.circuitId
        WHERE c.name LIKE '%Grand Prix')) AS percentage
FROM 
    races r
JOIN 
    circuits c ON r.circuitId = c.circuitId
WHERE 
    c.name LIKE '%European Grand Prix' AND c.country = 'Germany';",1,0,formula_1,"Among all European Grand Prix races, what is the percentage of the races were hosted in Germany?",SELECT CAST(COUNT(CASE WHEN T1.country = 'Germany' THEN T2.circuitID END) AS REAL) * 100 / COUNT(T2.circuitId) FROM circuits AS T1 INNER JOIN races AS T2 ON T2.circuitID = T1.circuitId WHERE T2.name = 'European Grand Prix'
73,913,SELECT country FROM circuits ORDER BY alt DESC LIMIT 1,SELECT country FROM circuits ORDER BY alt DESC LIMIT 1;,SELECT country FROM circuits WHERE alt = (SELECT MAX(alt) FROM circuits),1,0,formula_1,In which country can I find the circuit with the highest altitude?,SELECT country FROM circuits ORDER BY alt DESC LIMIT 1
74,926,SELECT T2.fastestLapTime FROM drivers AS T1 INNER JOIN results AS T2 ON T2.driverId = T1.driverId WHERE T1.forename = 'Lewis' AND T1.surname = 'Hamilton' AND T2.fastestLapTime IS NOT NULL ORDER BY T2.fastestLapTime ASC LIMIT 1,"SELECT MIN(fastestLapTime) AS fastest_lap_time
FROM results
JOIN drivers ON results.driverId = drivers.driverId
WHERE drivers.forename = 'Lewis' AND drivers.surname = 'Hamilton';","SELECT MIN(milliseconds) 
FROM lapTimes
JOIN drivers ON lapTimes.driverId = drivers.driverId
WHERE drivers.forename = 'Lewis' AND drivers.surname = 'Hamilton';",1,0,formula_1,What's the fastest lap time ever in a race for Lewis Hamilton?,SELECT T2.fastestLapTime FROM drivers AS T1 INNER JOIN results AS T2 ON T2.driverId = T1.driverId WHERE T1.forename = 'Lewis' AND T1.surname = 'Hamilton' AND T2.fastestLapTime IS NOT NULL ORDER BY T2.fastestLapTime ASC LIMIT 1
75,927,"SELECT T1.forename, T1.surname FROM drivers AS T1 INNER JOIN results AS T2 ON T2.driverId = T1.driverId WHERE T2.fastestLapTime IS NOT NULL ORDER BY T2.fastestLapSpeed DESC LIMIT 1","SELECT d.forename, d.surname
FROM results r
JOIN drivers d ON r.driverId = d.driverId
ORDER BY r.fastestLapSpeed DESC
LIMIT 1;","SELECT d.forename, d.surname
FROM results r
JOIN drivers d ON r.driverId = d.driverId
ORDER BY CAST(r.fastestLapSpeed AS REAL) DESC
LIMIT 1;",1,0,formula_1,Which driver created the fastest lap speed in a Formula_1 race? Please give both his forename and surname.,"SELECT T1.forename, T1.surname FROM drivers AS T1 INNER JOIN results AS T2 ON T2.driverId = T1.driverId WHERE T2.fastestLapTime IS NOT NULL ORDER BY T2.fastestLapSpeed DESC LIMIT 1"
76,946,"SELECT lat, lng FROM circuits WHERE country = 'USA'","SELECT lat, lng FROM circuits WHERE country = ""USA"";","SELECT lat, lng FROM circuits WHERE country = 'US';",1,0,formula_1,Please list the location coordinates of the US circuits.,"SELECT lat, lng FROM circuits WHERE country = 'USA'"
77,990,"SELECT T3.constructorRef, T3.url FROM results AS T1 INNER JOIN races AS T2 on T1.raceId = T2.raceId INNER JOIN constructors AS T3 on T1.constructorId = T3.constructorId WHERE T2.name = 'Singapore Grand Prix' AND T2.year = 2009 AND T1.time LIKE '_:%:__.___'","SELECT constructors.constructorRef, constructors.url
FROM races
JOIN results ON races.raceId = results.raceId
JOIN constructors ON results.constructorId = constructors.constructorId
WHERE races.year = 2009 AND races.name = 'Singapore Grand Prix' AND results.position = 1;","SELECT constructors.constructorRef, constructors.url
FROM constructors
JOIN constructorStandings ON constructors.constructorId = constructorStandings.constructorId
JOIN races ON constructorStandings.raceId = races.raceId
WHERE races.year = 2009 AND races.name = 'Singapore Grand Prix' AND constructorStandings.position = 1",1,0,formula_1,What is the constructor reference name of the champion in the 2009 Singapore Grand Prix? Please give its website.,"SELECT T3.constructorRef, T3.url FROM results AS T1 INNER JOIN races AS T2 on T1.raceId = T2.raceId INNER JOIN constructors AS T3 on T1.constructorId = T3.constructorId WHERE T2.name = 'Singapore Grand Prix' AND T2.year = 2009 AND T1.time LIKE '_:%:__.___'"
78,1000,SELECT T1.location FROM circuits AS T1 INNER JOIN races AS T2 ON T1.circuitId = T2.circuitId ORDER BY T2.date DESC LIMIT 1,"SELECT circuits.location
FROM races
JOIN circuits ON races.circuitId = circuits.circuitId
ORDER BY races.date DESC, races.time DESC
LIMIT 1;","SELECT circuits.location, circuits.name
FROM races
JOIN circuits ON races.circuitId = circuits.circuitId
ORDER BY races.date DESC, races.time DESC
LIMIT 1;",1,0,formula_1,Which racetrack hosted the most recent race? Indicate the full location.,SELECT T1.location FROM circuits AS T1 INNER JOIN races AS T2 ON T1.circuitId = T2.circuitId ORDER BY T2.date DESC LIMIT 1
79,1039,SELECT CAST(SUM(t2.long_shots) AS REAL) / COUNT(t2.`date`) FROM Player AS t1 INNER JOIN Player_Attributes AS t2 ON t1.player_api_id = t2.player_api_id WHERE t1.player_name = 'Ahmed Samir Farag',"SELECT AVG(PA.long_shots) 
FROM Player_Attributes PA
JOIN Player P ON PA.player_api_id = P.player_api_id
WHERE P.player_name = 'Ahmed Samir Farag';","```sql
SELECT AVG(long_shots)
FROM Player_Attributes
JOIN Player ON Player.player_api_id = Player_Attributes.player_api_id
WHERE Player.player_name = 'Ahmed Samir Farag'
```",1,0,european_football_2,Find the average number of long-shot done by Ahmed Samir Farag.,SELECT CAST(SUM(t2.long_shots) AS REAL) / COUNT(t2.`date`) FROM Player AS t1 INNER JOIN Player_Attributes AS t2 ON t1.player_api_id = t2.player_api_id WHERE t1.player_name = 'Ahmed Samir Farag'
80,1062,"SELECT DISTINCT t1.player_name FROM Player AS t1 INNER JOIN Player_Attributes AS t2 ON t1.player_api_id = t2.player_api_id WHERE t2.overall_rating > 80 AND SUBSTR(t2.`date`, 1, 4) BETWEEN '2008' AND '2010'","SELECT DISTINCT p.player_name
FROM Player p
JOIN Player_Attributes pa ON p.player_api_id = pa.player_api_id
WHERE pa.overall_rating > 80 
AND pa.date BETWEEN '2008-01-01' AND '2010-12-31';","SELECT p.player_name
FROM Player p
JOIN Player_Attributes pa ON p.player_api_id = pa.player_api_id
WHERE pa.overall_rating > 80 AND pa.date BETWEEN '2008-01-01' AND '2010-12-31';",1,0,european_football_2,Which players had an overall rating of over 80 from 2008 to 2010? Please list player names.,"SELECT DISTINCT t1.player_name FROM Player AS t1 INNER JOIN Player_Attributes AS t2 ON t1.player_api_id = t2.player_api_id WHERE t2.overall_rating > 80 AND SUBSTR(t2.`date`, 1, 4) BETWEEN '2008' AND '2010'"
81,1075,SELECT t1.player_name FROM Player AS t1 INNER JOIN Player_Attributes AS t2 ON t1.player_api_id = t2.player_api_id WHERE t2.potential = '61' ORDER BY t2.balance DESC LIMIT 1,"SELECT player_name 
FROM Player 
JOIN Player_Attributes ON Player.player_api_id = Player_Attributes.player_api_id 
WHERE Player_Attributes.potential = 61 
ORDER BY Player_Attributes.balance DESC 
LIMIT 1;","SELECT P.player_name
FROM Player P
JOIN Player_Attributes PA ON P.player_api_id = PA.player_api_id
WHERE PA.balance = (SELECT MAX(balance) FROM Player_Attributes WHERE potential = 61)
  AND PA.potential = 61;",1,0,european_football_2,List all the football player with the highest balance score and potential score of 61.,SELECT t1.player_name FROM Player AS t1 INNER JOIN Player_Attributes AS t2 ON t1.player_api_id = t2.player_api_id WHERE t2.potential = '61' ORDER BY t2.balance DESC LIMIT 1
82,1080,SELECT COUNT(player_api_id) FROM Player_Attributes WHERE preferred_foot = 'left' AND attacking_work_rate = 'low',"SELECT COUNT(*) 
FROM Player_Attributes 
WHERE preferred_foot = 'left' 
AND attacking_work_rate = 'low';","SELECT COUNT(*) 
FROM Player_Attributes 
WHERE preferred_foot = 'left' 
AND attacking_work_rate = 'stay'",1,0,european_football_2,"Among the players whose preferred foot was the left foot when attacking, how many of them would remain in his position when the team attacked?",SELECT COUNT(player_api_id) FROM Player_Attributes WHERE preferred_foot = 'left' AND attacking_work_rate = 'low'
83,1085,"SELECT t1.player_name, t2.crossing FROM Player AS t1 INNER JOIN Player_Attributes AS t2 ON t1.player_api_id = t2.player_api_id WHERE t1.player_name IN ('Alexis', 'Ariel Borysiuk', 'Arouna Kone') ORDER BY t2.crossing DESC LIMIT 1","SELECT player_name, crossing
FROM Player_Attributes
JOIN Player ON Player.player_api_id = Player_Attributes.player_api_id
WHERE player_name IN ('Alexis', 'Ariel Borysiuk', 'Arouna Kone')
ORDER BY crossing DESC
LIMIT 1;","SELECT p.player_name, pa.crossing
FROM Player p
INNER JOIN Player_Attributes pa ON p.player_api_id = pa.player_api_id
WHERE p.player_name IN ('Alexis', 'Ariel Borysiuk', 'Arouna Kone')
ORDER BY pa.crossing DESC;",1,0,european_football_2,"Which of these players performs the best in crossing actions, Alexis, Ariel Borysiuk or Arouna Kone?","SELECT t1.player_name, t2.crossing FROM Player AS t1 INNER JOIN Player_Attributes AS t2 ON t1.player_api_id = t2.player_api_id WHERE t1.player_name IN ('Alexis', 'Ariel Borysiuk', 'Arouna Kone') ORDER BY t2.crossing DESC LIMIT 1"
84,1118,SELECT player_name FROM Player WHERE CAST((JULIANDAY('now') - JULIANDAY(birthday)) AS REAL) / 365 >= 35,"SELECT player_name
FROM Player
WHERE (julianday('now') - julianday(birthday)) / 365 >= 35;","SELECT player_name 
FROM Player 
WHERE strftime('%Y', 'now') - strftime('%Y', birthday) >= 35;",1,0,european_football_2,List down the name of players who are 35 years old and above.,SELECT player_name FROM Player WHERE CAST((JULIANDAY('now') - JULIANDAY(birthday)) AS REAL) / 365 >= 35
85,1123,SELECT DISTINCT t1.player_name FROM Player AS t1 INNER JOIN Player_Attributes AS t2 ON t1.player_api_id = t2.player_api_id ORDER BY t2.potential DESC LIMIT 1,"SELECT player_name
FROM Player
WHERE player_api_id = (
    SELECT player_api_id
    FROM Player_Attributes
    ORDER BY potential DESC
    LIMIT 1
);","SELECT player_name 
FROM Player 
JOIN Player_Attributes ON Player.player_api_id = Player_Attributes.player_api_id 
WHERE potential = (SELECT MAX(potential) FROM Player_Attributes)",1,0,european_football_2,What is the name of players with the highest potential?,SELECT DISTINCT t1.player_name FROM Player AS t1 INNER JOIN Player_Attributes AS t2 ON t1.player_api_id = t2.player_api_id ORDER BY t2.potential DESC LIMIT 1
86,1134,SELECT SUM(CASE WHEN t1.id = 6 THEN t1.jumping ELSE 0 END) - SUM(CASE WHEN t1.id = 23 THEN t1.jumping ELSE 0 END) FROM Player_Attributes AS t1,"SELECT ABS(
    (SELECT jumping FROM Player_Attributes WHERE id = 6) -
    (SELECT jumping FROM Player_Attributes WHERE id = 23)
) AS jumping_difference;","SELECT
    (SELECT jumping FROM Player_Attributes WHERE player_api_id = 6 ORDER BY date DESC LIMIT 1) - 
    (SELECT jumping FROM Player_Attributes WHERE player_api_id = 23 ORDER BY date DESC LIMIT 1) AS jumping_difference;",1,0,european_football_2,What is the difference between players 6 and 23's jumping scores?,SELECT SUM(CASE WHEN t1.id = 6 THEN t1.jumping ELSE 0 END) - SUM(CASE WHEN t1.id = 23 THEN t1.jumping ELSE 0 END) FROM Player_Attributes AS t1
87,1151,"SELECT CAST(SUM(CASE WHEN Admission = '+' THEN 1 ELSE 0 END) AS REAL) * 100 / COUNT(*) FROM Patient WHERE STRFTIME('%Y', Birthday) BETWEEN '1930' AND '1940'","SELECT 
    (COUNT(CASE WHEN Admission = '+' THEN 1 END) * 100.0 / COUNT(*)) AS Percentage_Inpatient
FROM 
    Patient
WHERE 
    strftime('%Y', Birthday) BETWEEN '1930' AND '1940';","SELECT (SUM(CASE WHEN Admission = 'inpatient' THEN 1 ELSE 0 END) * 100.0 / COUNT(*)) AS inpatient_percentage
FROM Patient
WHERE strftime('%Y', Birthday) BETWEEN '1930' AND '1940'",1,0,thrombosis_prediction,"For patient born between Year 1930 to 1940, how many percent of them were inpatient?","SELECT CAST(SUM(CASE WHEN Admission = '+' THEN 1 ELSE 0 END) AS REAL) * 100 / COUNT(*) FROM Patient WHERE STRFTIME('%Y', Birthday) BETWEEN '1930' AND '1940'"
88,1153,"SELECT T1.Diagnosis, T2.Date FROM Patient AS T1 INNER JOIN Laboratory AS T2 ON T1.ID = T2.ID WHERE T1.ID = 30609","SELECT Diagnosis, Date
FROM Patient
JOIN Laboratory ON Patient.ID = Laboratory.ID
WHERE Patient.ID = 30609;","SELECT Diagnosis
FROM Patient
WHERE ID = 30609;

SELECT Date
FROM Laboratory
WHERE ID = 30609;",1,0,thrombosis_prediction,What is the disease patient '30609' diagnosed with. List all the date of laboratory tests done for this patient.,"SELECT T1.Diagnosis, T2.Date FROM Patient AS T1 INNER JOIN Laboratory AS T2 ON T1.ID = T2.ID WHERE T1.ID = 30609"
89,1161,"SELECT AVG(T2.`aCL IgG`) FROM Patient AS T1 INNER JOIN Examination AS T2 ON T1.ID = T2.ID WHERE STRFTIME('%Y', CURRENT_TIMESTAMP) - STRFTIME('%Y', T1.Birthday) >= 50 AND T1.Admission = '+'","SELECT AVG(E.`aCL IgG`)
FROM Examination E
JOIN Patient P ON E.ID = P.ID
WHERE P.Admission = '+'
AND (strftime('%Y', 'now') - strftime('%Y', P.Birthday)) >= 50;","SELECT AVG(`aCL IgG`) AS avg_acl_igg_concentration
FROM Examination ex
JOIN Patient pt ON ex.ID = pt.ID
WHERE (strftime('%Y', 'now') - strftime('%Y', pt.Birthday)) >= 50
AND pt.Admission = 'in-patient'",1,0,thrombosis_prediction,"For in-patient age 50 and above, what is their average anti-cardiolipin antibody (IgG) concentration?","SELECT AVG(T2.`aCL IgG`) FROM Patient AS T1 INNER JOIN Examination AS T2 ON T1.ID = T2.ID WHERE STRFTIME('%Y', CURRENT_TIMESTAMP) - STRFTIME('%Y', T1.Birthday) >= 50 AND T1.Admission = '+'"
90,1163,"SELECT MIN(STRFTIME('%Y', `First Date`) - STRFTIME('%Y', Birthday)) FROM Patient","SELECT MIN(STRFTIME('%Y', ""First Date"") - STRFTIME('%Y', Birthday)) AS Age 
FROM Patient;","SELECT MIN(DATEDIFF(`First Date`, Birthday)) / 365 AS age_of_youngest_patient FROM Patient",1,0,thrombosis_prediction,What was the age of the youngest patient when they initially arrived at the hospital?,"SELECT MIN(STRFTIME('%Y', `First Date`) - STRFTIME('%Y', Birthday)) FROM Patient"
91,1193,"SELECT COUNT(DISTINCT T1.ID) FROM Patient AS T1 INNER JOIN Examination AS T2 ON T1.ID = T2.ID WHERE T2.`ANA Pattern` != 'P' AND STRFTIME('%Y', T1.Birthday) BETWEEN '1980' AND '1989' AND T1.SEX = 'F'","SELECT COUNT(*)
FROM Patient p
JOIN Examination e ON p.ID = e.ID
WHERE p.SEX = 'F'
  AND p.Birthday BETWEEN '1980-01-01' AND '1989-12-31'
  AND e.`ANA Pattern` <> 'P';","SELECT COUNT(Patient.ID)
FROM Patient
JOIN Examination ON Patient.ID = Examination.ID
WHERE Examination.`ANA Pattern` <> 'P'
  AND Patient.SEX = 'Female'
  AND Patient.Birthday BETWEEN '1980-01-01' AND '1989-12-31'",1,0,thrombosis_prediction,"Excluding all P only ANA Pattern patients, how many of the remainder are women born between 1980 and 1989?","SELECT COUNT(DISTINCT T1.ID) FROM Patient AS T1 INNER JOIN Examination AS T2 ON T1.ID = T2.ID WHERE T2.`ANA Pattern` != 'P' AND STRFTIME('%Y', T1.Birthday) BETWEEN '1980' AND '1989' AND T1.SEX = 'F'"
92,1201,"SELECT CAST(SUM(CASE WHEN SEX = 'F' THEN 1 ELSE 0 END) AS REAL) * 100 / COUNT(ID) FROM Patient WHERE Diagnosis = 'RA' AND STRFTIME('%Y', Birthday) = '1980'","SELECT 
    (COUNT(CASE WHEN p.SEX = 'F' THEN 1 END) * 100.0 / COUNT(*)) AS percentage_female
FROM 
    Patient p
JOIN 
    Laboratory l ON p.ID = l.ID
WHERE 
    p.Birthday BETWEEN '1980-01-01' AND '1980-12-31' 
    AND l.RA IS NOT NULL;","SELECT 
    (COUNT(*) * 100.0 / (SELECT COUNT(*) FROM Patient WHERE strftime('%Y', Birthday) = '1980' AND Diagnosis = 'RA')) AS percentage
FROM 
    Patient
WHERE 
    strftime('%Y', Birthday) = '1980'
    AND Diagnosis = 'RA'
    AND SEX = 'female';",1,0,thrombosis_prediction,What percentage of patients who were born in 1980 and were diagnosed with RA are women?,"SELECT CAST(SUM(CASE WHEN SEX = 'F' THEN 1 ELSE 0 END) AS REAL) * 100 / COUNT(ID) FROM Patient WHERE Diagnosis = 'RA' AND STRFTIME('%Y', Birthday) = '1980'"
93,1272,"SELECT T1.ID FROM Patient AS T1 INNER JOIN Laboratory AS T2 ON T1.ID = T2.ID WHERE T1.`First Date` IS NOT NULL AND T2.SSA NOT IN ('negative', '0') ORDER BY T1.`First Date` ASC LIMIT 1","SELECT ID
FROM Laboratory
WHERE SSA IS NOT NULL
ORDER BY `Date`
LIMIT 1;","SELECT ID
FROM Laboratory
WHERE SSA = 'abnormal'
ORDER BY Date ASC
LIMIT 1",1,0,thrombosis_prediction,Which patient is the first patient with an abnormal anti-SSA to come to the hospital? Please give his or her ID.,"SELECT T1.ID FROM Patient AS T1 INNER JOIN Laboratory AS T2 ON T1.ID = T2.ID WHERE T1.`First Date` IS NOT NULL AND T2.SSA NOT IN ('negative', '0') ORDER BY T1.`First Date` ASC LIMIT 1"
94,1321,"SELECT COUNT(T1.event_id) FROM event AS T1 INNER JOIN attendance AS T2 ON T1.event_id = T2.link_to_event INNER JOIN member AS T3 ON T2.link_to_member = T3.member_id WHERE T3.first_name = 'Sacha' AND T3.last_name = 'Harrison' AND SUBSTR(T1.event_date, 1, 4) = '2019'","SELECT COUNT(*) 
FROM attendance a
JOIN event e ON a.link_to_event = e.event_id
JOIN member m ON a.link_to_member = m.member_id
WHERE m.first_name = 'Sacha' 
  AND m.last_name = 'Harrison' 
  AND e.event_date LIKE '2019%';","SELECT COUNT(*) 
FROM attendance a
JOIN member m ON a.link_to_member = m.member_id
JOIN event e ON a.link_to_event = e.event_id
WHERE m.first_name = 'Sacha' 
AND m.last_name = 'Harrison' 
AND e.event_name = 'Student_Club' 
AND e.event_date LIKE '2019%';",1,0,student_club,How many events of the Student_Club did Sacha Harrison attend in 2019?,"SELECT COUNT(T1.event_id) FROM event AS T1 INNER JOIN attendance AS T2 ON T1.event_id = T2.link_to_event INNER JOIN member AS T3 ON T2.link_to_member = T3.member_id WHERE T3.first_name = 'Sacha' AND T3.last_name = 'Harrison' AND SUBSTR(T1.event_date, 1, 4) = '2019'"
95,1334,"SELECT T1.first_name, T1.last_name FROM member AS T1 INNER JOIN zip_code AS T2 ON T1.zip = T2.zip_code WHERE T2.state = 'Illinois'","SELECT m.first_name, m.last_name
FROM member m
JOIN zip_code z ON m.zip = z.zip_code
WHERE z.state = 'Illinois';","SELECT first_name || ' ' || last_name AS full_name
FROM member
JOIN zip_code ON member.zip = zip_code.zip_code
WHERE zip_code.state = 'Illinois'",1,0,student_club,List the full name of the Student_Club members that grew up in Illinois state.,"SELECT T1.first_name, T1.last_name FROM member AS T1 INNER JOIN zip_code AS T2 ON T1.zip = T2.zip_code WHERE T2.state = 'Illinois'"
96,1367,SELECT T2.college FROM member AS T1 INNER JOIN major AS T2 ON T1.link_to_major = T2.major_id GROUP BY T2.major_id ORDER BY COUNT(T2.college) DESC LIMIT 1,"SELECT college
FROM major
JOIN member ON major.major_id = member.link_to_major
GROUP BY college
ORDER BY COUNT(member.member_id) DESC
LIMIT 1;","SELECT m.college
FROM member mb
JOIN major mj ON mb.link_to_major = mj.major_id
GROUP BY m.college
ORDER BY COUNT(mb.member_id) DESC
LIMIT 1;",1,0,student_club,Which college do most of the members go to?,SELECT T2.college FROM member AS T1 INNER JOIN major AS T2 ON T1.link_to_major = T2.major_id GROUP BY T2.major_id ORDER BY COUNT(T2.college) DESC LIMIT 1
97,1384,SELECT T2.amount FROM member AS T1 INNER JOIN income AS T2 ON T1.member_id = T2.link_to_member WHERE T1.first_name = 'Grant' AND T1.last_name = 'Gilmour',"SELECT SUM(amount) AS total_income
FROM income
JOIN member ON income.link_to_member = member.member_id
WHERE member.first_name = 'Grant' AND member.last_name = 'Gilmour';","SELECT COUNT(*)
FROM income
WHERE link_to_member = (SELECT member_id FROM member WHERE first_name = 'Grant' AND last_name = 'Gilmour')",1,0,student_club,How many income generated by Grant Gilmour?,SELECT T2.amount FROM member AS T1 INNER JOIN income AS T2 ON T1.member_id = T2.link_to_member WHERE T1.first_name = 'Grant' AND T1.last_name = 'Gilmour'
98,1386,SELECT SUM(T3.cost) FROM event AS T1 INNER JOIN budget AS T2 ON T1.event_id = T2.link_to_event INNER JOIN expense AS T3 ON T2.budget_id = T3.link_to_budget WHERE T1.event_name = 'Yearly Kickoff',"SELECT SUM(cost) AS total_expense
FROM expense
JOIN budget ON expense.link_to_budget = budget.budget_id
JOIN event ON budget.link_to_event = event.event_id
WHERE event.event_name = 'Yearly Kickoff';","```sql
SELECT SUM(cost) AS total_expense
FROM expense
JOIN event ON expense.link_to_event = event.event_id
WHERE event.event_name = 'Yearly Kickoff'
```",1,0,student_club,What is the total expense for the Yearly Kickoff?,SELECT SUM(T3.cost) FROM event AS T1 INNER JOIN budget AS T2 ON T1.event_id = T2.link_to_event INNER JOIN expense AS T3 ON T2.budget_id = T3.link_to_budget WHERE T1.event_name = 'Yearly Kickoff'
99,1387,"SELECT T4.first_name, T4.last_name FROM event AS T1 INNER JOIN budget AS T2 ON T1.event_id = T2.link_to_event INNER JOIN expense AS T3 ON T2.budget_id = T3.link_to_budget INNER JOIN member AS T4 ON T3.link_to_member = T4.member_id WHERE T1.event_name = 'Yearly Kickoff'","SELECT m.first_name, m.last_name
FROM member m
JOIN expense e ON m.member_id = e.link_to_member
JOIN budget b ON e.link_to_budget = b.budget_id
JOIN event ev ON b.link_to_event = ev.event_id
WHERE ev.event_name = 'Yearly Kickoff';","SELECT m.first_name, m.last_name
FROM budget b
JOIN event e ON b.link_to_event = e.event_id
JOIN member m ON b.budget_id = e.event_id
WHERE e.event_name = 'Yearly Kickoff';",1,0,student_club,Which student has been entrusted to manage the budget for the Yearly Kickoff?,"SELECT T4.first_name, T4.last_name FROM event AS T1 INNER JOIN budget AS T2 ON T1.event_id = T2.link_to_event INNER JOIN expense AS T3 ON T2.budget_id = T3.link_to_budget INNER JOIN member AS T4 ON T3.link_to_member = T4.member_id WHERE T1.event_name = 'Yearly Kickoff'"
100,1434,SELECT zip_code FROM zip_code WHERE type = 'PO Box' AND county = 'San Juan Municipio' AND state = 'Puerto Rico',"SELECT zip_code 
FROM zip_code 
WHERE type = 'PO Box' 
AND county = 'San Juan Municipio' 
AND state = 'Puerto Rico';","SELECT zip_code
FROM zip_code
WHERE type = 'PO BOX' AND county = 'San Juan Municipio' AND state = 'Puerto Rico'",1,0,student_club,What are the zip codes that have post office boxes in the country of the country of San Juan Municipio whose state is Puerto Rico?,SELECT zip_code FROM zip_code WHERE type = 'PO Box' AND county = 'San Juan Municipio' AND state = 'Puerto Rico'
101,1474,SELECT T1.CustomerID FROM customers AS T1 INNER JOIN yearmonth AS T2 ON T1.CustomerID = T2.CustomerID WHERE T1.Currency = 'CZK' AND T2.Date BETWEEN 201101 AND 201112 GROUP BY T1.CustomerID ORDER BY SUM(T2.Consumption) DESC LIMIT 1,"SELECT c.CustomerID
FROM customers c
JOIN yearmonth ym ON c.CustomerID = ym.CustomerID
WHERE c.Currency = 'CZK' AND ym.Date LIKE '2011%'
GROUP BY c.CustomerID
ORDER BY SUM(ym.Consumption) DESC
LIMIT 1;","SELECT c.CustomerID
FROM customers c
JOIN yearmonth ym ON c.CustomerID = ym.CustomerID
WHERE c.Currency = 'CZK' AND strftime('%Y', ym.Date) = '2011'
GROUP BY c.CustomerID
ORDER BY SUM(ym.Consumption) DESC
LIMIT 1;",1,0,debit_card_specializing,"Which customers, paying in CZK, consumed the most gas in 2011?",SELECT T1.CustomerID FROM customers AS T1 INNER JOIN yearmonth AS T2 ON T1.CustomerID = T2.CustomerID WHERE T1.Currency = 'CZK' AND T2.Date BETWEEN 201101 AND 201112 GROUP BY T1.CustomerID ORDER BY SUM(T2.Consumption) DESC LIMIT 1
102,1476,"SELECT SUM(IIF(T1.Currency = 'CZK', T2.Consumption, 0)) - SUM(IIF(T1.Currency = 'EUR', T2.Consumption, 0)) FROM customers AS T1 INNER JOIN yearmonth AS T2 ON T1.CustomerID = T2.CustomerID WHERE SUBSTRING(T2.Date, 1, 4) = '2012'","SELECT 
    (SELECT SUM(y.Consumption) 
     FROM yearmonth y 
     JOIN customers c ON y.CustomerID = c.CustomerID 
     WHERE c.Currency = 'CZK' AND y.Date LIKE '2012%') -
    (SELECT SUM(y.Consumption) 
     FROM yearmonth y 
     JOIN customers c ON y.CustomerID = c.CustomerID 
     WHERE c.Currency = 'EUR' AND y.Date LIKE '2012%') AS Consumption_Difference;","SELECT 
    p.Currency, 
    SUM(y.Consumption) AS TotalConsumption
FROM 
    yearmonth y
JOIN 
    customers p ON y.CustomerID = p.CustomerID
WHERE 
    y.Date LIKE '2012%'
GROUP BY 
    p.Currency;",1,0,debit_card_specializing,What was the difference in gas consumption between CZK-paying customers and EUR-paying customers in 2012?,"SELECT SUM(IIF(T1.Currency = 'CZK', T2.Consumption, 0)) - SUM(IIF(T1.Currency = 'EUR', T2.Consumption, 0)) FROM customers AS T1 INNER JOIN yearmonth AS T2 ON T1.CustomerID = T2.CustomerID WHERE SUBSTRING(T2.Date, 1, 4) = '2012'"
103,1492,SELECT CAST(SUM(Currency = 'EUR') AS FLOAT) * 100 / COUNT(CustomerID) FROM customers WHERE Segment = 'KAM',"SELECT 
    (COUNT(*) * 100.0 / (SELECT COUNT(*) FROM customers WHERE Segment = 'KAM')) AS percentage_of_kam_customers_in_euros
FROM 
    customers
WHERE 
    Segment = 'KAM' 
    AND Currency = 'EUR';","SELECT (COUNT(*) * 100.0 / (SELECT COUNT(*) FROM customers)) AS percentage
FROM customers
WHERE Segment = 'KAM' AND Currency = 'EUR';",1,0,debit_card_specializing,What percentage of KAM customers pay in euros?,SELECT CAST(SUM(Currency = 'EUR') AS FLOAT) * 100 / COUNT(CustomerID) FROM customers WHERE Segment = 'KAM'
